Subdomain,IP Address,Location
hwkmail10.indeed.com,"169.45.122.57
hwkmail10.simplyhired.com","SOFTLAYER - SoftLayer Technologies Inc.
United States"
mail70.indeed.com,"198.58.75.70
mail70.indeed.com","CONE - CyrusOne LLC
United States"
mail80.indeed.com,"198.58.75.80
mail80.indeed.com","CONE - CyrusOne LLC
United States"
mail90.indeed.com,"198.58.75.90
mail90.indeed.com","CONE - CyrusOne LLC
United States"
hwkmail11.indeed.com,"169.45.122.58
hwkmail11.simplyhired.com","SOFTLAYER - SoftLayer Technologies Inc.
United States"
mail71.indeed.com,"198.58.75.71
mail71.indeed.com","CONE - CyrusOne LLC
United States"
mail81.indeed.com,"198.58.75.81
mail81.indeed.com","CONE - CyrusOne LLC
United States"
mail91.indeed.com,"198.58.75.91
mail91.indeed.com","CONE - CyrusOne LLC
United States"
hwkmail1.indeed.com,"169.45.122.48
hwkmail1.simplyhired.com","SOFTLAYER - SoftLayer Technologies Inc.
United States"
hwkmail12.indeed.com,"169.45.122.59
hwkmail12.simplyhired.com","SOFTLAYER - SoftLayer Technologies Inc.
United States"
mail72.indeed.com,"198.58.75.72
mail72.indeed.com","CONE - CyrusOne LLC
United States"
mail82.indeed.com,"198.58.75.82
mail82.indeed.com","CONE - CyrusOne LLC
United States"
mail92.indeed.com,"198.58.75.92
mail92.indeed.com","CONE - CyrusOne LLC
United States"
hwkmail2.indeed.com,"169.45.122.49
hwkmail2.simplyhired.com","SOFTLAYER - SoftLayer Technologies Inc.
United States"
mail33.indeed.com,"169.44.146.33
mail33.indeed.com","SOFTLAYER - SoftLayer Technologies Inc.
United States"
mail73.indeed.com,"198.58.75.73
mail73.indeed.com","CONE - CyrusOne LLC
United States"
mail83.indeed.com,"198.58.75.83
mail83.indeed.com","CONE - CyrusOne LLC
United States"
mail93.indeed.com,"198.58.75.93
mail93.indeed.com","CONE - CyrusOne LLC
United States"
hwkmail3.indeed.com,"169.45.122.50
hwkmail3.simplyhired.com","SOFTLAYER - SoftLayer Technologies Inc.
United States"
mail34.indeed.com,"169.44.146.34
mail34.indeed.com","SOFTLAYER - SoftLayer Technologies Inc.
United States"
mail64.indeed.com,"198.58.75.64
mail64.indeed.com","CONE - CyrusOne LLC
United States"
mail74.indeed.com,"198.58.75.74
mail74.indeed.com","CONE - CyrusOne LLC
United States"
mail84.indeed.com,"198.58.75.84
mail84.indeed.com","CONE - CyrusOne LLC
United States"
mail94.indeed.com,"198.58.75.94
mail94.indeed.com","CONE - CyrusOne LLC
United States"
hwkmail4.indeed.com,"169.45.122.51
hwkmail4.simplyhired.com","SOFTLAYER - SoftLayer Technologies Inc.
United States"
mail35.indeed.com,"169.44.146.35
mail35.indeed.com","SOFTLAYER - SoftLayer Technologies Inc.
United States"
mail65.indeed.com,"198.58.75.65
mail65.indeed.com","CONE - CyrusOne LLC
United States"
mail75.indeed.com,"198.58.75.75
mail75.indeed.com","CONE - CyrusOne LLC
United States"
mail85.indeed.com,"198.58.75.85
mail85.indeed.com","CONE - CyrusOne LLC
United States"
mail95.indeed.com,"198.58.75.95
mail95.indeed.com","CONE - CyrusOne LLC
United States"
hwkmail5.indeed.com,"169.45.122.52
hwkmail5.simplyhired.com","SOFTLAYER - SoftLayer Technologies Inc.
United States"
mail36.indeed.com,"169.44.146.36
mail36.indeed.com","SOFTLAYER - SoftLayer Technologies Inc.
United States"
mail66.indeed.com,"198.58.75.66
mail66.indeed.com","CONE - CyrusOne LLC
United States"
mail76.indeed.com,"198.58.75.76
mail76.indeed.com","CONE - CyrusOne LLC
United States"
mail86.indeed.com,"198.58.75.86
mail86.indeed.com","CONE - CyrusOne LLC
United States"
hwkmail6.indeed.com,"169.45.122.53
hwkmail6.simplyhired.com","SOFTLAYER - SoftLayer Technologies Inc.
United States"
mail37.indeed.com,"169.44.146.37
mail37.indeed.com","SOFTLAYER - SoftLayer Technologies Inc.
United States"
mail67.indeed.com,"198.58.75.67
mail67.indeed.com","CONE - CyrusOne LLC
United States"
mail77.indeed.com,"198.58.75.77
mail77.indeed.com","CONE - CyrusOne LLC
United States"
mail87.indeed.com,"198.58.75.87
mail87.indeed.com","CONE - CyrusOne LLC
United States"
hwkmail7.indeed.com,"169.45.122.54
hwkmail7.simplyhired.com","SOFTLAYER - SoftLayer Technologies Inc.
United States"
mail38.indeed.com,"169.44.146.38
mail38.indeed.com","SOFTLAYER - SoftLayer Technologies Inc.
United States"
mail68.indeed.com,"198.58.75.68
mail68.indeed.com","CONE - CyrusOne LLC
United States"
mail78.indeed.com,"198.58.75.78
mail78.indeed.com","CONE - CyrusOne LLC
United States"
mail88.indeed.com,"198.58.75.88
mail88.indeed.com","CONE - CyrusOne LLC
United States"
hwkmail8.indeed.com,"169.45.122.55
hwkmail8.simplyhired.com","SOFTLAYER - SoftLayer Technologies Inc.
United States"
mail39.indeed.com,"169.44.146.39
mail39.indeed.com","SOFTLAYER - SoftLayer Technologies Inc.
United States"
mail69.indeed.com,"198.58.75.69
mail69.indeed.com","CONE - CyrusOne LLC
United States"
mail79.indeed.com,"198.58.75.79
mail79.indeed.com","CONE - CyrusOne LLC
United States"
mail89.indeed.com,"198.58.75.89
mail89.indeed.com","CONE - CyrusOne LLC
United States"
hwkmail9.indeed.com,"169.45.122.56
hwkmail9.simplyhired.com","SOFTLAYER - SoftLayer Technologies Inc.
United States"
"jsna.indeed.com
    
HTTP TECH: nginx
HTTPS TECH: nginx","169.44.159.206
ce.9f.2ca9.ip4.static.sl-reverse.com","SOFTLAYER - SoftLayer Technologies Inc.
United States"
"b.indeed.com
    
HTTP TECH: nginx,1.12.2
HTTPS TECH:","216.146.46.10
redirector1.dynect.net","DYNDNS - Oracle Corporation
United States"
o1.sendgrid.indeed.com,"50.31.36.36
o1.sendgrid.indeed.com","STEADFAST - Steadfast
United States"
o2.sendgrid.indeed.com,"167.89.81.81
o2.sendgrid.indeed.com","SENDGRID - SendGrid, Inc.
United States"
o3.sendgrid.indeed.com,"167.89.84.45
o3.sendgrid.indeed.com","SENDGRID - SendGrid, Inc.
United States"
o4.sendgrid.indeed.com,"167.89.85.106
o4.sendgrid.indeed.com","SENDGRID - SendGrid, Inc.
United States"
o5.sendgrid.indeed.com,"167.89.86.151
o5.sendgrid.indeed.com","SENDGRID - SendGrid, Inc.
United States"
"offload.cmhprod.indeed.com
    
HTTP TECH: nginx
HTTPS TECH: nginx","13.58.145.233
ec2-13-58-145-233.us-east-2.compute.amazonaws.com","AMAZON-02 - Amazon.com, Inc.
United States"
jujube.indeed.com,"35.154.38.4
ec2-35-154-38-4.ap-south-1.compute.amazonaws.com","AMAZON-02 - Amazon.com, Inc.
India"
"opensource.indeed.com
    
HTTP TECH: nginx,1.12.2
HTTPS TECH:","216.146.46.10
redirector1.dynect.net","DYNDNS - Oracle Corporation
United States"
"blog.de.indeed.com
    
HTTP: nginx","104.197.207.166
166.207.197.104.bc.googleusercontent.com","GOOGLE - Google LLC
United States"
"prime.indeed.com
    
HTTP: BigIP","198.58.75.57
198-58-75-57.cyrusone.com","CONE - CyrusOne LLC
United States"
"billing.indeed.com
    
HTTP: BigIP","198.58.75.103
198-58-75-103.cyrusone.com","CONE - CyrusOne LLC
United States"
"engineering.indeed.com
    
HTTP TECH: nginx,1.12.2
HTTPS TECH:","216.146.46.10
redirector1.dynect.net","DYNDNS - Oracle Corporation
United States"
"blog.indeed.com
    
HTTP: nginx","104.197.207.166
166.207.197.104.bc.googleusercontent.com","GOOGLE - Google LLC
United States"
"wiki.indeed.com
    
HTTP: BigIP","76.77.155.130
76-77-155-130.cyrusone.com","CONE - CyrusOne LLC
United States"
mail.indeed.com,"198.58.75.10
mail.indeed.com","CONE - CyrusOne LLC
United States"
"oceania.dyn.indeed.com
    
HTTP TECH: nginx
HTTPS TECH: nginx","169.44.159.200
c8.9f.2ca9.ip4.static.sl-reverse.com","SOFTLAYER - SoftLayer Technologies Inc.
United States"
"apply-td.dyn.indeed.com
    
HTTP TECH: nginx
HTTPS TECH: nginx","169.44.165.68
44.a5.2ca9.ip4.static.sl-reverse.com","SOFTLAYER - SoftLayer Technologies Inc.
United States"
"europe.dyn.indeed.com
    
HTTP TECH: nginx
HTTPS TECH: nginx","18.216.114.70
ec2-18-216-114-70.us-east-2.compute.amazonaws.com","AMAZON-02 - Amazon.com, Inc.
United States"
"secure.dyn.indeed.com
    
HTTP TECH: nginx
HTTPS TECH: nginx","169.44.159.201
c9.9f.2ca9.ip4.static.sl-reverse.com","SOFTLAYER - SoftLayer Technologies Inc.
United States"
"sam.dyn.indeed.com
    
HTTP TECH: nginx
HTTPS TECH: nginx","18.216.114.70
ec2-18-216-114-70.us-east-2.compute.amazonaws.com","AMAZON-02 - Amazon.com, Inc.
United States"
"eastasian.dyn.indeed.com
    
HTTP TECH: nginx
HTTPS TECH: nginx","169.44.159.200
c8.9f.2ca9.ip4.static.sl-reverse.com","SOFTLAYER - SoftLayer Technologies Inc.
United States"
"employer.dyn.indeed.com
    
HTTP TECH: nginx
HTTPS TECH: nginx","198.58.75.26
198-58-75-26.cyrusone.com","CONE - CyrusOne LLC
United States"
"americas.dyn.indeed.com
    
HTTP TECH: nginx
HTTPS TECH: nginx","169.44.159.200
c8.9f.2ca9.ip4.static.sl-reverse.com","SOFTLAYER - SoftLayer Technologies Inc.
United States"
labs.dyn.indeed.com,"169.47.25.75
4b.19.2fa9.ip4.static.sl-reverse.com","SOFTLAYER - SoftLayer Technologies Inc.
United States"
"ads.dyn.indeed.com
    
HTTP: BigIP","198.58.75.63
198-58-75-63.cyrusone.com","CONE - CyrusOne LLC
United States"
"employers.dyn.indeed.com
    
HTTP: BigIP","198.58.75.23
198-58-75-23.cyrusone.com","CONE - CyrusOne LLC
United States"
"apirss.dyn.indeed.com
    
HTTP TECH: nginx
HTTPS TECH: nginx","18.216.114.70
ec2-18-216-114-70.us-east-2.compute.amazonaws.com","AMAZON-02 - Amazon.com, Inc.
United States"
"us.dyn.indeed.com
    
HTTP TECH: nginx
HTTPS TECH: nginx","169.44.159.200
c8.9f.2ca9.ip4.static.sl-reverse.com","SOFTLAYER - SoftLayer Technologies Inc.
United States"
"t.dyn.indeed.com
    
HTTP TECH: nginx
HTTPS TECH: nginx","169.44.162.79
4f.a2.2ca9.ip4.static.sl-reverse.com","SOFTLAYER - SoftLayer Technologies Inc.
United States"
"my.dyn.indeed.com
    
HTTP TECH: nginx
HTTPS TECH: nginx","169.44.159.203
cb.9f.2ca9.ip4.static.sl-reverse.com","SOFTLAYER - SoftLayer Technologies Inc.
United States"
"zoominfo.indeed.com
    
HTTP TECH: nginx,1.12.2
HTTPS TECH:","216.146.46.10
redirector1.dynect.net","DYNDNS - Oracle Corporation
United States"
"promo.indeed.com
    
HTTP: BigIP","198.58.75.37
198-58-75-37.cyrusone.com","CONE - CyrusOne LLC
United States"
"baito.indeed.com
    
HTTP TECH: nginx
HTTPS TECH: nginx",203.60.5.99,"RACKSPACE-AP Rackspace IT Hosting AS IT Hosting Provider Hong Kong
Hong Kong"
"help.indeed.com
    
HTTP TECH: nginx,1.12.2
HTTPS TECH:","216.146.46.10
redirector1.dynect.net","DYNDNS - Oracle Corporation
United States"
"ftp.indeed.com
    
FTP: 220 Authorized Users Only
SSH: SSH-2.0-mod_sftp/0.9.7","198.58.75.56
198-58-75-56.cyrusone.com","CONE - CyrusOne LLC
United States"
"p.cluster.indeed.com
    
HTTP: BigIP","198.58.75.37
198-58-75-37.cyrusone.com","CONE - CyrusOne LLC
United States"
"veterans.indeed.com
    
HTTP TECH: nginx,1.12.2
HTTPS TECH:","216.146.46.10
redirector1.dynect.net","DYNDNS - Oracle Corporation
United States"
"talent.indeed.com
    
HTTP: BigIP","198.58.75.57
198-58-75-57.cyrusone.com","CONE - CyrusOne LLC
United States"
"portal.ext.indeed.com
    
HTTP: BigIP","76.77.155.130
76-77-155-130.cyrusone.com","CONE - CyrusOne LLC
United States"
"blog.au.indeed.com
    
HTTP: nginx","104.197.207.166
166.207.197.104.bc.googleusercontent.com","GOOGLE - Google LLC
United States"
"inbox.indeed.com
    
HTTP: BigIP","198.58.75.20
198-58-75-20.cyrusone.com","CONE - CyrusOne LLC
United States"
"military.indeed.com
    
HTTP TECH: nginx,1.12.2
HTTPS TECH:",,